YEAR,MONTH,DAY,DAY_OF_WEEK,AIRLINE,FLIGHT_NUMBER,TAIL_NUMBER,ORIGIN_AIRPORT,DESTINATION_AIRPORT,SCHEDULED_DEPARTURE,DEPARTURE_TIME,DEPARTURE_DELAY,TAXI_OUT,WHEELS_OFF,SCHEDULED_TIME,ELAPSED_TIME,AIR_TIME,DISTANCE,WHEELS_ON,TAXI_IN,SCHEDULED_ARRIVAL,ARRIVAL_TIME,ARRIVAL_DELAY,DIVERTED,CANCELLED,CANCELLATION_REASON,AIR_SYSTEM_DELAY,SECURITY_DELAY,AIRLINE_DELAY,LATE_AIRCRAFT_DELAY,WEATHER_DELAY,ORIGIN_MIN_TEMPERATURE,ORIGIN_MAX_TEMPERATURE,ORIGIN_SNOW_CM,ORIGIN_AVG_WIND,ORIGIN_AVG_VISIBILITY,DESTINATION_MIN_TEMPERATURE,DESTINATION_MAX_TEMPERATURE,DESTINATION_SNOW_CM,DESTINATION_AVG_WIND,DESTINATION_AVG_VISIBILITY
2015,2,2,1,DL,1153,N920AT,BNA,DTW,630,739,delayed,23,802,104,115,69,short,1011,23,914,1034,80,0,0,,11,0,0,0,69,freezing,not_hot,no_snow,low_wind,high_visibility,freezing,not_hot,no_snow,low_wind,high_visibility
2015,6,19,5,WN,2971,N8656B,BNA,SAT,2000,1957,on_time,11,2008,130,132,117,medium,2205,4,2210,2209,-1,0,0,,,,,,,not_freezing,not_hot,no_snow,low_wind,high_visibility,not_freezing,not_hot,no_snow,low_wind,high_visibility
2015,11,15,7,WN,463,N453WN,BNA,BWI,1335,1334,on_time,9,1343,95,94,79,medium,1602,6,1610,1608,-2,0,0,,,,,,,not_freezing,not_hot,no_snow,low_wind,high_visibility,freezing,not_hot,no_snow,low_wind,high_visibility
2015,6,26,5,WN,1284,N613SW,BNA,MCO,1740,1735,on_time,11,1746,110,104,85,medium,2011,8,2030,2019,-11,0,0,,,,,,,not_freezing,hot,no_snow,low_wind,high_visibility,freezing,not_hot,no_snow,low_wind,high_visibility
2015,12,28,1,WN,1114,N389SW,BNA,TPA,2215,2,delayed,9,11,100,98,85,medium,236,4,55,240,105,0,0,,0,0,0,105,0,freezing,not_hot,no_snow,low_wind,high_visibility,not_freezing,not_hot,no_snow,low_wind,high_visibility
2015,3,3,2,WN,3134,N559WN,BNA,DCA,1110,1105,on_time,9,1114,100,86,73,medium,1327,4,1350,1331,-19,0,0,,,,,,,not_freezing,not_hot,no_snow,low_wind,medium_visibility,freezing,not_hot,no_snow,low_wind,high_visibility
2015,9,3,4,WN,539,N954WN,LAS,BNA,1730,1744,on_time,9,1753,215,195,181,long,2254,5,2305,2259,-6,0,0,,,,,,,not_freezing,not_hot,no_snow,low_wind,high_visibility,not_freezing,hot,no_snow,low_wind,high_visibility
2015,4,28,2,WN,673,N563WN,HOU,BNA,1045,1040,on_time,8,1048,105,91,79,medium,1207,4,1230,1211,-19,0,0,,,,,,,freezing,not_hot,no_snow,low_wind,high_visibility,not_freezing,not_hot,no_snow,low_wind,high_visibility
2015,5,8,5,WN,872,N376SW,BNA,BOS,2000,2216,delayed,9,2225,150,144,129,medium,134,6,2330,140,130,0,0,,0,0,0,130,0,not_freezing,not_hot,no_snow,low_wind,high_visibility,not_freezing,not_hot,no_snow,low_wind,high_visibility
2015,4,29,3,WN,309,N411WN,LAS,BNA,1935,2212,delayed,18,2230,210,215,191,long,341,6,105,347,162,0,0,,5,0,0,157,0,not_freezing,not_hot,no_snow,low_wind,high_visibility,not_freezing,not_hot,no_snow,low_wind,high_visibility
2015,12,14,1,WN,2148,N380SW,PNS,BNA,715,713,on_time,7,720,75,69,57,short,817,5,830,822,-8,0,0,,,,,,,not_freezing,not_hot,no_snow,low_wind,high_visibility,not_freezing,not_hot,no_snow,low_wind,high_visibility
2015,11,7,6,WN,3626,N292WN,BNA,OAK,1405,1401,on_time,7,1408,305,264,251,long,1619,6,1710,1625,-45,0,0,,,,,,,not_freezing,not_hot,no_snow,low_wind,high_visibility,freezing,not_hot,no_snow,low_wind,high_visibility
2015,4,1,3,AA,1676,N488AA,DFW,BNA,2145,2318,delayed,34,2352,110,122,80,medium,112,8,2335,120,105,0,0,,12,0,0,93,0,not_freezing,not_hot,no_snow,low_wind,high_visibility,not_freezing,not_hot,no_snow,low_wind,high_visibility
2015,9,22,2,WN,180,N951WN,CHS,BNA,1400,1357,on_time,7,1404,85,73,61,short,1405,5,1425,1410,-15,0,0,,,,,,,not_freezing,not_hot,no_snow,low_wind,high_visibility,not_freezing,not_hot,no_snow,low_wind,high_visibility
2015,7,24,5,WN,35,N395SW,BNA,BWI,1920,2130,delayed,11,2141,105,95,80,medium,1,4,2205,5,120,0,0,,0,0,0,120,0,not_freezing,hot,no_snow,low_wind,high_visibility,freezing,not_hot,no_snow,low_wind,high_visibility
2015,4,10,5,MQ,3044,N532MQ,ORD,BNA,1215,1216,on_time,24,1240,100,90,60,short,1340,6,1355,1346,-9,0,0,,,,,,,not_freezing,not_hot,no_snow,low_wind,high_visibility,not_freezing,not_hot,no_snow,low_wind,high_visibility
2015,1,5,1,WN,496,N941WN,JAX,BNA,1940,2007,delayed,9,2016,95,92,77,short,2033,6,2015,2039,24,0,0,,0,0,24,0,0,not_freezing,not_hot,no_snow,low_wind,high_visibility,freezing,not_hot,no_snow,low_wind,high_visibility
2015,9,9,3,WN,2701,N440LV,BWI,BNA,1200,1334,delayed,8,1342,110,97,83,medium,1405,6,1250,1411,81,0,0,,0,0,81,0,0,freezing,not_hot,no_snow,low_wind,high_visibility,not_freezing,hot,no_snow,low_wind,high_visibility
2015,11,18,3,AA,2348,N566AA,BNA,DFW,658,652,on_time,11,703,138,118,102,medium,845,5,916,850,-26,0,0,,,,,,,not_freezing,not_hot,no_snow,low_wind,high_visibility,not_freezing,not_hot,no_snow,low_wind,high_visibility
2015,6,28,7,WN,3034,N917WN,BNA,TPA,1125,1254,delayed,8,1302,100,108,82,medium,1524,18,1405,1542,97,0,0,,8,0,89,0,0,not_freezing,not_hot,no_snow,low_wind,high_visibility,not_freezing,not_hot,no_snow,low_wind,high_visibility
2015,7,14,2,WN,2971,N8665D,BNA,SAT,2000,2051,delayed,8,2059,130,121,109,medium,2248,4,2210,2252,42,0,0,,0,0,42,0,0,not_freezing,hot,no_snow,low_wind,high_visibility,not_freezing,hot,no_snow,low_wind,high_visibility
2015,2,19,4,WN,4284,N614SW,BNA,MSY,1800,1758,on_time,9,1807,95,83,70,short,1917,4,1935,1921,-14,0,0,,,,,,,freezing,not_hot,no_snow,low_wind,medium_visibility,freezing,not_hot,no_snow,low_wind,high_visibility
2015,12,25,5,WN,5560,N248WN,LAS,BNA,1815,1813,on_time,11,1824,205,190,173,long,2317,6,2340,2323,-17,0,0,,,,,,,not_freezing,not_hot,no_snow,low_wind,high_visibility,not_freezing,not_hot,no_snow,low_wind,high_visibility
2015,6,25,4,DL,1530,N308DE,ATL,BNA,1233,1302,delayed,17,1319,67,60,38,short,1257,5,1240,1302,22,0,0,,0,0,10,12,0,not_freezing,hot,no_snow,low_wind,high_visibility,not_freezing,hot,no_snow,low_wind,high_visibility
2015,5,10,7,WN,828,N787SA,MDW,BNA,1700,1707,on_time,10,1717,85,77,59,short,1816,8,1825,1824,-1,0,0,,,,,,,not_freezing,not_hot,no_snow,low_wind,high_visibility,not_freezing,not_hot,no_snow,low_wind,high_visibility
2015,8,21,5,DL,1173,N939AT,ATL,BNA,1925,1945,delayed,14,1959,69,55,37,short,1936,4,1934,1940,6,0,0,,,,,,,not_freezing,not_hot,no_snow,low_wind,high_visibility,not_freezing,not_hot,no_snow,low_wind,high_visibility
2015,11,2,1,DL,2328,N345NB,DTW,BNA,1703,1720,delayed,13,1733,103,84,67,short,1740,4,1746,1744,-2,0,0,,,,,,,not_freezing,not_hot,no_snow,low_wind,high_visibility,not_freezing,not_hot,no_snow,low_wind,medium_visibility
2015,12,16,3,WN,1133,N291WN,MSY,BNA,1340,1347,on_time,7,1354,85,77,64,short,1458,6,1505,1504,-1,0,0,,,,,,,freezing,not_hot,no_snow,low_wind,high_visibility,not_freezing,not_hot,no_snow,low_wind,high_visibility
2015,3,6,5,WN,4425,N553WN,DEN,BNA,1725,1737,on_time,10,1747,145,134,116,medium,2043,8,2050,2051,1,0,0,,,,,,,freezing,not_hot,no_snow,low_wind,high_visibility,freezing,not_hot,no_snow,low_wind,medium_visibility
2015,9,12,6,WN,4189,N559WN,LAS,BNA,1550,1550,on_time,13,1603,215,209,190,long,2113,6,2125,2119,-6,0,0,,,,,,,not_freezing,hot,no_snow,low_wind,high_visibility,not_freezing,not_hot,no_snow,low_wind,high_visibility
2015,9,28,1,WN,2089,N222WN,BNA,FLL,1855,2209,delayed,13,2222,125,136,115,medium,117,8,2200,125,205,0,0,,11,0,0,194,0,not_freezing,not_hot,no_snow,low_wind,high_visibility,freezing,not_hot,no_snow,low_wind,high_visibility
2015,7,2,4,MQ,3589,N542MQ,BNA,LGA,755,822,delayed,9,831,130,118,102,medium,1113,7,1105,1120,15,0,0,,0,0,0,0,15,not_freezing,not_hot,no_snow,low_wind,high_visibility,not_freezing,not_hot,no_snow,low_wind,high_visibility
2015,8,9,7,WN,380,N7725A,MDW,BNA,755,753,on_time,10,803,80,72,57,short,900,5,915,905,-10,0,0,,,,,,,not_freezing,not_hot,no_snow,low_wind,high_visibility,not_freezing,hot,no_snow,low_wind,high_visibility
2015,4,1,3,EV,5940,N15985,ORD,BNA,715,801,delayed,13,814,92,73,55,short,909,5,847,914,27,0,0,,23,0,0,4,0,not_freezing,not_hot,no_snow,low_wind,high_visibility,not_freezing,not_hot,no_snow,low_wind,high_visibility
2015,6,12,5,WN,3671,,MDW,BNA,605,,on_time,,,75,,,short,,,720,,,0,1,B,,,,,,not_freezing,not_hot,no_snow,low_wind,high_visibility,not_freezing,not_hot,no_snow,low_wind,high_visibility
2015,12,28,1,WN,277,N601WN,BOS,BNA,1815,1901,delayed,12,1913,185,169,151,medium,2044,6,2020,2050,30,0,0,,0,0,19,11,0,freezing,not_hot,no_snow,low_wind,high_visibility,freezing,not_hot,no_snow,low_wind,high_visibility
2015,11,5,4,WN,254,N786SW,BNA,BOS,2000,2050,delayed,14,2104,140,154,116,medium,2400,24,2320,24,64,0,0,,14,0,50,0,0,not_freezing,not_hot,no_snow,low_wind,medium_visibility,not_freezing,not_hot,no_snow,low_wind,high_visibility
2015,1,13,2,WN,415,N7715E,MDW,BNA,1955,2027,delayed,7,2034,85,73,61,short,2135,5,2120,2140,20,0,0,,0,0,4,16,0,freezing,not_hot,no_snow,low_wind,high_visibility,freezing,not_hot,no_snow,low_wind,high_visibility
2015,7,17,5,WN,4597,N487WN,BNA,MDW,615,613,on_time,12,625,90,109,69,short,734,28,745,802,17,0,0,,17,0,0,0,0,not_freezing,hot,no_snow,low_wind,high_visibility,not_freezing,not_hot,no_snow,low_wind,high_visibility
2015,12,13,7,UA,829,N840UA,BNA,DEN,1544,1555,on_time,8,1603,189,150,133,medium,1716,9,1753,1725,-28,0,0,,,,,,,not_freezing,not_hot,no_snow,low_wind,high_visibility,freezing,not_hot,no_snow,low_wind,high_visibility
2015,8,6,4,WN,686,N8603F,BNA,CLE,955,952,on_time,10,1002,85,77,63,short,1205,4,1220,1209,-11,0,0,,,,,,,not_freezing,not_hot,no_snow,low_wind,high_visibility,not_freezing,not_hot,no_snow,low_wind,high_visibility
2015,7,5,7,UA,259,N832UA,ORD,BNA,1916,1913,on_time,16,1929,99,81,61,short,2030,4,2055,2034,-21,0,0,,,,,,,not_freezing,not_hot,no_snow,low_wind,high_visibility,not_freezing,not_hot,no_snow,low_wind,high_visibility
2015,7,13,1,MQ,3360,N515MQ,ORD,BNA,1215,1501,delayed,16,1517,97,76,53,short,1610,7,1352,1617,145,0,0,,145,0,0,0,0,not_freezing,not_hot,no_snow,low_wind,high_visibility,not_freezing,hot,no_snow,low_wind,high_visibility
2015,1,1,4,EV,4738,N12569,BNA,ORD,1140,1125,on_time,9,1134,104,100,74,short,1248,17,1324,1305,-19,0,0,,,,,,,freezing,not_hot,no_snow,low_wind,high_visibility,freezing,not_hot,no_snow,low_wind,high_visibility
2015,11,2,1,AA,1396,N4XGAA,DFW,BNA,1830,2028,delayed,9,2037,112,94,81,medium,2158,4,2022,2202,100,0,0,,0,0,0,100,0,not_freezing,not_hot,no_snow,low_wind,high_visibility,not_freezing,not_hot,no_snow,low_wind,medium_visibility
2015,5,3,7,WN,3598,N562WN,MCI,BNA,605,600,on_time,10,610,90,79,65,short,715,4,735,719,-16,0,0,,,,,,,not_freezing,not_hot,no_snow,low_wind,high_visibility,not_freezing,not_hot,no_snow,low_wind,high_visibility
2015,1,5,1,WN,1756,N8634A,BNA,LAS,1525,1550,delayed,9,1559,255,224,210,long,1729,5,1740,1734,-6,0,0,,,,,,,freezing,not_hot,no_snow,low_wind,high_visibility,not_freezing,not_hot,no_snow,low_wind,high_visibility
2015,11,2,1,AA,1867,N817AW,BNA,LAX,2055,2115,delayed,13,2128,271,258,236,long,2324,9,2326,2333,7,0,0,,,,,,,not_freezing,not_hot,no_snow,low_wind,medium_visibility,freezing,not_hot,no_snow,low_wind,high_visibility
2015,7,28,2,WN,2772,N391SW,BNA,JAX,1620,1937,delayed,9,1946,85,83,68,short,2154,6,1845,2200,195,0,0,,0,0,0,114,81,not_freezing,hot,no_snow,low_wind,high_visibility,not_freezing,hot,no_snow,low_wind,high_visibility
2015,8,29,6,WN,4418,N949WN,PHX,BNA,1005,1005,on_time,16,1021,200,199,178,medium,1519,5,1525,1524,-1,0,0,,,,,,,not_freezing,hot,no_snow,low_wind,high_visibility,not_freezing,not_hot,no_snow,low_wind,high_visibility
2015,1,23,5,DL,866,N358NW,ATL,BNA,1510,1602,delayed,25,1627,67,68,37,short,1604,6,1517,1610,53,0,0,,1,0,52,0,0,not_freezing,not_hot,no_snow,low_wind,high_visibility,not_freezing,not_hot,no_snow,low_wind,medium_visibility
2015,5,31,7,AA,1264,N583AA,BNA,DFW,553,543,on_time,13,556,126,127,105,medium,741,9,759,750,-9,0,0,,,,,,,not_freezing,not_hot,no_snow,low_wind,high_visibility,not_freezing,not_hot,no_snow,low_wind,high_visibility
2015,7,13,1,UA,842,N803UA,BNA,IAH,550,549,on_time,12,601,127,107,89,medium,730,6,757,736,-21,0,0,,,,,,,not_freezing,hot,no_snow,low_wind,high_visibility,freezing,not_hot,no_snow,low_wind,high_visibility
2015,5,17,7,WN,3027,N736SA,MSY,BNA,1900,1950,delayed,10,2000,90,82,67,short,2107,5,2030,2112,42,0,0,,0,0,4,38,0,freezing,not_hot,no_snow,low_wind,high_visibility,not_freezing,not_hot,no_snow,low_wind,high_visibility
2015,5,6,3,WN,255,N258WN,BNA,LGA,645,642,on_time,7,649,130,133,111,medium,940,15,955,955,0,0,0,,,,,,,not_freezing,not_hot,no_snow,low_wind,high_visibility,not_freezing,not_hot,no_snow,low_wind,high_visibility
2015,12,20,7,DL,1324,N364NB,BNA,ATL,800,758,on_time,19,817,75,65,35,short,952,11,1015,1003,-12,0,0,,,,,,,not_freezing,not_hot,no_snow,low_wind,high_visibility,not_freezing,not_hot,no_snow,low_wind,high_visibility
2015,8,20,4,WN,563,N767SW,BNA,DCA,1245,1250,on_time,20,1310,95,96,72,medium,1522,4,1520,1526,6,0,0,,,,,,,not_freezing,not_hot,no_snow,low_wind,high_visibility,not_freezing,not_hot,no_snow,low_wind,high_visibility
2015,6,16,2,WN,3848,N287WN,BNA,DAL,1840,1951,delayed,9,2000,110,104,84,medium,2124,11,2030,2135,65,0,0,,0,0,15,50,0,not_freezing,hot,no_snow,low_wind,high_visibility,not_freezing,not_hot,no_snow,low_wind,high_visibility
2015,8,7,5,MQ,3360,N508MQ,BNA,ORD,1423,1439,delayed,22,1501,106,102,73,short,1614,7,1609,1621,12,0,0,,,,,,,not_freezing,not_hot,no_snow,low_wind,high_visibility,not_freezing,not_hot,no_snow,low_wind,high_visibility
2015,2,4,3,WN,2230,N604SW,BNA,PHL,2050,2043,on_time,8,2051,110,95,80,medium,2311,7,2340,2318,-22,0,0,,,,,,,freezing,not_hot,no_snow,low_wind,high_visibility,freezing,not_hot,no_snow,low_wind,high_visibility
2015,3,20,5,WN,424,N743SW,BWI,BNA,1025,1235,delayed,31,1306,120,141,104,medium,1350,6,1125,1356,151,0,0,,21,0,0,35,95,freezing,not_hot,no_snow,low_wind,high_visibility,not_freezing,not_hot,no_snow,low_wind,high_visibility
2015,12,22,2,WN,713,N202WN,DCA,BNA,615,610,on_time,16,626,115,116,92,medium,658,8,710,706,-4,0,0,,,,,,,not_freezing,not_hot,no_snow,low_wind,high_visibility,not_freezing,not_hot,no_snow,low_wind,high_visibility
2015,4,10,5,WN,3144,N7811F,TPA,BNA,830,826,on_time,10,836,110,103,88,medium,904,5,920,909,-11,0,0,,,,,,,not_freezing,not_hot,no_snow,low_wind,high_visibility,not_freezing,not_hot,no_snow,low_wind,high_visibility
2015,2,1,7,WN,4036,N656SW,BNA,BOS,1405,1422,delayed,8,1430,140,145,118,medium,1728,19,1725,1747,22,0,0,,5,0,4,13,0,not_freezing,not_hot,no_snow,low_wind,high_visibility,freezing,not_hot,no_snow,low_wind,medium_visibility
2015,6,1,1,WN,282,N938WN,PHX,BNA,1910,1932,delayed,9,1941,195,192,179,medium,40,4,25,44,19,0,0,,0,0,16,3,0,not_freezing,hot,no_snow,low_wind,high_visibility,not_freezing,not_hot,no_snow,low_wind,high_visibility
2015,11,3,2,WN,385,N656SW,BWI,BNA,610,606,on_time,13,619,120,118,90,medium,649,15,710,704,-6,0,0,,,,,,,freezing,not_hot,no_snow,low_wind,high_visibility,not_freezing,not_hot,no_snow,low_wind,high_visibility
2015,3,22,7,WN,759,N924WN,CLE,BNA,1750,1807,delayed,10,1817,95,88,73,short,1830,5,1825,1835,10,0,0,,,,,,,freezing,not_hot,no_snow,low_wind,high_visibility,not_freezing,not_hot,no_snow,low_wind,high_visibility
2015,4,20,1,WN,152,N745SW,DEN,BNA,530,523,on_time,8,531,145,137,119,medium,830,10,855,840,-15,0,0,,,,,,,freezing,not_hot,no_snow,low_wind,high_visibility,not_freezing,not_hot,no_snow,low_wind,high_visibility
2015,12,25,5,AA,2259,N4YPAA,DFW,BNA,1640,1651,on_time,12,1703,103,94,77,medium,1820,5,1823,1825,2,0,0,,,,,,,not_freezing,not_hot,no_snow,low_wind,high_visibility,not_freezing,not_hot,no_snow,low_wind,high_visibility
2015,6,1,1,EV,4502,N13992,BNA,EWR,1905,2054,delayed,12,2106,139,145,111,medium,2357,22,2224,19,115,0,0,,6,0,0,109,0,not_freezing,not_hot,no_snow,low_wind,high_visibility,freezing,not_hot,no_snow,low_wind,high_visibility
2015,12,1,2,WN,295,N737JW,LAS,BNA,1450,1506,delayed,10,1516,210,186,169,long,2005,7,2020,2012,-8,0,0,,,,,,,not_freezing,not_hot,no_snow,low_wind,high_visibility,not_freezing,not_hot,no_snow,low_wind,high_visibility
2015,3,12,4,AA,1183,N456AA,DFW,BNA,855,850,on_time,20,910,100,105,81,medium,1031,4,1035,1035,0,0,0,,,,,,,not_freezing,not_hot,no_snow,low_wind,high_visibility,not_freezing,not_hot,no_snow,low_wind,high_visibility
2015,9,27,7,DL,1268,N301NB,BNA,DTW,630,626,on_time,10,636,96,86,68,short,844,8,906,852,-14,0,0,,,,,,,not_freezing,not_hot,no_snow,low_wind,high_visibility,not_freezing,not_hot,no_snow,low_wind,high_visibility
2015,9,29,2,WN,577,N791SW,BNA,MCO,805,805,on_time,11,816,105,106,88,medium,1044,7,1050,1051,1,0,0,,,,,,,not_freezing,not_hot,no_snow,low_wind,medium_visibility,freezing,not_hot,no_snow,low_wind,high_visibility
2015,6,9,2,OO,4986,N715SK,BNA,IAH,836,836,on_time,12,848,125,112,94,medium,1022,6,1041,1028,-13,0,0,,,,,,,not_freezing,not_hot,no_snow,low_wind,high_visibility,freezing,not_hot,no_snow,low_wind,high_visibility
2015,7,17,5,WN,4203,N608SW,BNA,DAL,2110,2146,delayed,10,2156,110,104,87,medium,2323,7,2300,2330,30,0,0,,0,0,0,30,0,not_freezing,hot,no_snow,low_wind,high_visibility,not_freezing,hot,no_snow,low_wind,high_visibility
2015,2,5,4,EV,4489,N16561,BNA,IAH,1238,1300,delayed,9,1309,140,131,110,medium,1459,12,1458,1511,13,0,0,,,,,,,freezing,not_hot,no_snow,low_wind,high_visibility,freezing,not_hot,no_snow,low_wind,high_visibility
2015,8,26,3,WN,3030,N637SW,BOS,BNA,520,658,delayed,17,715,170,161,138,medium,833,6,710,839,89,0,0,,0,0,89,0,0,not_freezing,not_hot,no_snow,low_wind,high_visibility,not_freezing,not_hot,no_snow,low_wind,high_visibility
2015,5,5,2,WN,673,N917WN,HOU,BNA,1045,1136,delayed,9,1145,105,106,90,medium,1315,7,1230,1322,52,0,0,,1,51,0,0,0,freezing,not_hot,no_snow,low_wind,high_visibility,not_freezing,not_hot,no_snow,low_wind,high_visibility
2015,12,1,2,WN,1387,N399WN,JAX,BNA,2120,2109,on_time,11,2120,90,88,72,short,2132,5,2150,2137,-13,0,0,,,,,,,not_freezing,not_hot,no_snow,low_wind,high_visibility,not_freezing,not_hot,no_snow,low_wind,high_visibility
2015,4,19,7,EV,4431,N12160,EWR,BNA,909,932,delayed,22,954,146,147,118,medium,1052,7,1035,1059,24,0,0,,1,0,23,0,0,freezing,not_hot,no_snow,low_wind,high_visibility,not_freezing,not_hot,no_snow,low_wind,high_visibility
2015,12,17,4,DL,2641,N342NB,BNA,DTW,1835,1859,delayed,12,1911,95,78,60,short,2111,6,2110,2117,7,0,0,,,,,,,not_freezing,not_hot,no_snow,low_wind,high_visibility,freezing,not_hot,no_snow,low_wind,high_visibility
2015,2,21,6,EV,4571,N11187,EWR,BNA,1539,1718,delayed,39,1757,157,191,139,medium,1916,13,1716,1929,133,0,0,,34,0,18,0,81,freezing,not_hot,no_snow,low_wind,high_visibility,freezing,not_hot,no_snow,low_wind,high_visibility
2015,3,8,7,WN,181,N704SW,BNA,PHL,1000,959,on_time,13,1012,115,107,89,medium,1241,5,1255,1246,-9,0,0,,,,,,,not_freezing,not_hot,no_snow,low_wind,medium_visibility,freezing,not_hot,no_snow,low_wind,high_visibility
2015,7,12,7,DL,94,N355NW,ATL,BNA,1744,1759,on_time,18,1817,75,61,37,short,1754,6,1759,1800,1,0,0,,,,,,,not_freezing,hot,no_snow,low_wind,high_visibility,not_freezing,hot,no_snow,low_wind,high_visibility
2015,5,8,5,MQ,3631,N531MQ,BNA,ORD,745,740,on_time,11,751,106,90,66,short,857,13,931,910,-21,0,0,,,,,,,not_freezing,not_hot,no_snow,low_wind,high_visibility,not_freezing,not_hot,no_snow,low_wind,high_visibility
2015,5,26,2,DL,2522,N891AT,ATL,BNA,2055,2350,delayed,25,15,67,70,38,short,2353,7,2102,2400,178,0,0,,3,0,0,61,114,not_freezing,not_hot,no_snow,low_wind,medium_visibility,not_freezing,not_hot,no_snow,low_wind,high_visibility
2015,7,31,5,WN,1284,N632SW,BWI,BNA,1610,1714,delayed,13,1727,110,105,87,medium,1754,5,1700,1759,59,0,0,,0,0,47,12,0,freezing,not_hot,no_snow,low_wind,high_visibility,not_freezing,not_hot,no_snow,low_wind,high_visibility
2015,7,8,3,EV,3831,N13161,BNA,EWR,1742,1829,delayed,17,1846,140,147,111,medium,2137,19,2102,2156,54,0,0,,30,0,7,17,0,not_freezing,not_hot,no_snow,low_wind,high_visibility,freezing,not_hot,no_snow,low_wind,high_visibility
2015,7,15,3,WN,1154,N210WN,MCO,BNA,1340,1559,delayed,7,1606,110,111,99,medium,1645,5,1430,1650,140,0,0,,1,0,75,64,0,freezing,not_hot,no_snow,low_wind,high_visibility,not_freezing,not_hot,no_snow,low_wind,high_visibility
2015,4,7,2,WN,3513,N928WN,DAL,BNA,655,649,on_time,8,657,100,97,82,medium,819,7,835,826,-9,0,0,,,,,,,not_freezing,not_hot,no_snow,low_wind,high_visibility,not_freezing,not_hot,no_snow,low_wind,high_visibility
2015,1,24,6,WN,3265,N392SW,BNA,SAT,1200,1220,delayed,7,1227,155,142,131,medium,1438,4,1435,1442,7,0,0,,,,,,,freezing,not_hot,no_snow,low_wind,medium_visibility,not_freezing,not_hot,no_snow,low_wind,high_visibility
2015,12,10,4,WN,1027,N651SW,BNA,DAL,1635,1631,on_time,9,1640,120,107,94,medium,1814,4,1835,1818,-17,0,0,,,,,,,not_freezing,not_hot,no_snow,low_wind,medium_visibility,not_freezing,not_hot,no_snow,low_wind,high_visibility
2015,5,20,3,WN,4924,N969WN,MCI,BNA,1935,1951,delayed,6,1957,90,81,69,short,2106,6,2105,2112,7,0,0,,,,,,,not_freezing,not_hot,no_snow,low_wind,high_visibility,not_freezing,not_hot,no_snow,low_wind,high_visibility
2015,5,15,5,AA,2242,N4XWAA,BNA,DFW,1555,1634,delayed,10,1644,125,126,106,medium,1830,10,1800,1840,40,0,0,,1,0,1,38,0,not_freezing,not_hot,no_snow,low_wind,high_visibility,not_freezing,not_hot,no_snow,low_wind,high_visibility
2015,12,10,4,WN,2263,N617SW,SAT,BNA,1925,1951,delayed,6,1957,125,126,115,medium,2152,5,2130,2157,27,0,0,,1,0,0,26,0,not_freezing,not_hot,no_snow,low_wind,high_visibility,not_freezing,not_hot,no_snow,low_wind,medium_visibility
2015,11,5,4,WN,1778,N212WN,BNA,DTW,2205,31,delayed,8,39,90,78,63,short,242,7,35,249,134,0,0,,0,0,0,134,0,not_freezing,not_hot,no_snow,low_wind,medium_visibility,not_freezing,not_hot,no_snow,low_wind,high_visibility
2015,11,17,2,F9,230,N213FR,DEN,BNA,1455,1655,delayed,22,1717,143,160,131,medium,2028,7,1818,2035,137,0,0,,17,0,48,72,0,freezing,not_hot,no_snow,low_wind,high_visibility,not_freezing,not_hot,no_snow,low_wind,high_visibility
2015,12,3,4,MQ,3227,N9EAMQ,ORD,BNA,705,658,on_time,11,709,97,80,66,short,815,3,842,818,-24,0,0,,,,,,,not_freezing,not_hot,no_snow,low_wind,high_visibility,freezing,not_hot,no_snow,low_wind,high_visibility
2015,9,11,5,WN,231,N665WN,HOU,BNA,1005,1117,delayed,13,1130,110,102,85,medium,1255,4,1155,1259,64,0,0,,0,0,64,0,0,freezing,not_hot,no_snow,low_wind,high_visibility,not_freezing,not_hot,no_snow,low_wind,high_visibility
2015,12,27,7,AA,2398,N488AA,BNA,DFW,1239,1235,on_time,8,1243,131,129,116,medium,1439,5,1450,1444,-6,0,0,,,,,,,not_freezing,not_hot,no_snow,low_wind,high_visibility,not_freezing,not_hot,no_snow,low_wind,high_visibility
2015,9,29,2,WN,156,N7732A,TPA,BNA,1255,1252,on_time,17,1309,105,107,83,medium,1332,7,1340,1339,-1,0,0,,,,,,,not_freezing,not_hot,no_snow,low_wind,high_visibility,not_freezing,not_hot,no_snow,low_wind,medium_visibility
2015,7,29,3,DL,1173,N958AT,ATL,BNA,1924,1922,on_time,12,1934,71,55,37,short,1911,6,1935,1917,-18,0,0,,,,,,,not_freezing,hot,no_snow,low_wind,high_visibility,not_freezing,hot,no_snow,low_wind,high_visibility
2015,4,28,2,WN,507,N238WN,PIT,BNA,700,652,on_time,7,659,95,84,71,short,710,6,735,716,-19,0,0,,,,,,,not_freezing,not_hot,no_snow,low_wind,high_visibility,not_freezing,not_hot,no_snow,low_wind,high_visibility
2015,9,13,7,WN,1277,N253WN,DEN,BNA,1915,1918,on_time,14,1932,150,143,122,medium,2234,7,2245,2241,-4,0,0,,,,,,,not_freezing,not_hot,no_snow,low_wind,high_visibility,not_freezing,not_hot,no_snow,low_wind,high_visibility
2015,12,15,2,WN,444,N750SA,BWI,BNA,1400,1355,on_time,11,1406,120,106,90,medium,1436,5,1500,1441,-19,0,0,,,,,,,freezing,not_hot,no_snow,low_wind,high_visibility,not_freezing,not_hot,no_snow,low_wind,medium_visibility
2015,6,1,1,OO,5186,N727SK,BNA,IAH,555,555,on_time,16,611,130,120,97,medium,748,7,805,755,-10,0,0,,,,,,,not_freezing,not_hot,no_snow,low_wind,high_visibility,freezing,not_hot,no_snow,low_wind,high_visibility
2015,12,2,3,AA,1715,N831AW,CLT,BNA,1604,1602,on_time,18,1620,83,96,67,short,1627,11,1627,1638,11,0,0,,,,,,,not_freezing,not_hot,no_snow,low_wind,high_visibility,not_freezing,not_hot,no_snow,low_wind,high_visibility
2015,7,10,5,MQ,3556,N0EGMQ,BNA,LGA,620,616,on_time,11,627,131,125,103,medium,910,11,931,921,-10,0,0,,,,,,,not_freezing,hot,no_snow,low_wind,high_visibility,not_freezing,not_hot,no_snow,low_wind,high_visibility
2015,12,1,2,WN,3159,N959WN,DCA,BNA,1250,1340,delayed,13,1353,115,116,98,medium,1431,5,1345,1436,51,0,0,,1,0,50,0,0,not_freezing,not_hot,no_snow,low_wind,medium_visibility,not_freezing,not_hot,no_snow,low_wind,high_visibility
2015,12,4,5,MQ,3123,N507MQ,BNA,ORD,1917,1914,on_time,20,1934,108,109,68,short,2042,21,2105,2103,-2,0,0,,,,,,,freezing,not_hot,no_snow,low_wind,high_visibility,freezing,not_hot,no_snow,low_wind,high_visibility
2015,2,9,1,MQ,3382,N8EGMQ,LGA,BNA,1610,,on_time,,,159,,,medium,,,1749,,,0,1,C,,,,,,freezing,not_hot,no_snow,low_wind,high_visibility,not_freezing,not_hot,no_snow,low_wind,high_visibility
2015,9,16,3,WN,2203,N221WN,BNA,PNS,2025,2019,on_time,13,2032,75,69,52,short,2124,4,2140,2128,-12,0,0,,,,,,,not_freezing,not_hot,no_snow,low_wind,high_visibility,not_freezing,not_hot,no_snow,low_wind,high_visibility
2015,3,9,1,AA,1361,N3MDAA,BNA,LAX,640,730,delayed,25,755,290,276,243,long,958,8,930,1006,36,0,0,,0,0,36,0,0,not_freezing,not_hot,no_snow,low_wind,medium_visibility,freezing,not_hot,no_snow,low_wind,high_visibility
2015,5,16,6,DL,2176,N945DL,BNA,ATL,1725,1721,on_time,14,1735,70,63,34,short,1909,15,1935,1924,-11,0,0,,,,,,,not_freezing,not_hot,no_snow,low_wind,high_visibility,not_freezing,not_hot,no_snow,low_wind,high_visibility
2015,1,19,1,MQ,3424,N513MQ,BNA,ORD,704,716,on_time,19,735,126,103,73,short,848,11,910,859,-11,0,0,,,,,,,not_freezing,not_hot,no_snow,low_wind,high_visibility,freezing,not_hot,no_snow,low_wind,high_visibility
2015,11,27,5,WN,6602,N8654B,BNA,LAX,1430,1430,on_time,11,1441,280,287,266,long,1707,10,1710,1717,7,0,0,,,,,,,not_freezing,not_hot,no_snow,low_wind,high_visibility,freezing,not_hot,no_snow,low_wind,high_visibility
2015,1,24,6,AA,309,N492AA,BNA,DFW,920,918,on_time,61,1019,130,180,96,medium,1155,23,1130,1218,48,0,0,,48,0,0,0,0,freezing,not_hot,no_snow,low_wind,medium_visibility,not_freezing,not_hot,no_snow,low_wind,high_visibility
2015,7,6,1,WN,4569,N953WN,BNA,PHX,905,903,on_time,9,912,215,198,184,medium,1016,5,1040,1021,-19,0,0,,,,,,,not_freezing,not_hot,no_snow,low_wind,high_visibility,not_freezing,hot,no_snow,low_wind,high_visibility
2015,5,9,6,WN,1515,N771SA,BNA,DAL,1540,1542,on_time,14,1556,115,111,94,medium,1730,3,1735,1733,-2,0,0,,,,,,,not_freezing,not_hot,no_snow,low_wind,high_visibility,not_freezing,not_hot,no_snow,low_wind,high_visibility
2015,4,6,1,MQ,3465,N663MQ,JFK,BNA,1455,1448,on_time,17,1505,158,151,123,medium,1608,11,1633,1619,-14,0,0,,,,,,,not_freezing,not_hot,no_snow,low_wind,high_visibility,not_freezing,not_hot,no_snow,low_wind,high_visibility
2015,2,26,4,OO,4746,N441SW,CVG,BNA,933,1012,delayed,21,1033,73,70,45,short,1018,4,946,1022,36,0,0,,0,0,0,36,0,freezing,not_hot,no_snow,low_wind,high_visibility,freezing,not_hot,no_snow,low_wind,high_visibility
2015,12,18,5,F9,230,N227FR,DEN,BNA,1450,1510,delayed,19,1529,146,139,114,medium,1823,6,1816,1829,13,0,0,,,,,,,freezing,not_hot,no_snow,low_wind,high_visibility,not_freezing,not_hot,no_snow,low_wind,high_visibility
2015,12,4,5,DL,1066,N940DL,ATL,BNA,956,955,on_time,15,1010,64,58,39,short,949,4,1000,953,-7,0,0,,,,,,,not_freezing,not_hot,no_snow,low_wind,high_visibility,freezing,not_hot,no_snow,low_wind,high_visibility
2015,4,1,3,DL,2393,N929DL,BNA,ATL,530,528,on_time,11,539,61,59,45,short,724,3,731,727,-4,0,0,,,,,,,not_freezing,not_hot,no_snow,low_wind,high_visibility,not_freezing,not_hot,no_snow,low_wind,high_visibility
2015,4,3,5,WN,588,N930WN,BNA,PHL,2115,2131,delayed,9,2140,110,100,87,medium,7,4,5,11,6,0,0,,,,,,,not_freezing,not_hot,no_snow,low_wind,high_visibility,freezing,not_hot,no_snow,low_wind,high_visibility
2015,8,5,3,WN,4570,N8639B,BNA,LAS,1715,1711,on_time,12,1723,235,240,220,long,1903,8,1910,1911,1,0,0,,,,,,,not_freezing,not_hot,no_snow,low_wind,high_visibility,not_freezing,hot,no_snow,low_wind,high_visibility
2015,7,26,7,WN,3034,N225WN,MDW,BNA,935,933,on_time,9,942,75,73,59,short,1041,5,1050,1046,-4,0,0,,,,,,,not_freezing,not_hot,no_snow,low_wind,high_visibility,not_freezing,hot,no_snow,low_wind,high_visibility
2015,1,5,1,WN,397,N7741C,STL,BNA,900,914,on_time,7,921,60,55,44,short,1005,4,1000,1009,9,0,0,,,,,,,freezing,not_hot,no_snow,low_wind,high_visibility,freezing,not_hot,no_snow,low_wind,high_visibility
2015,6,29,1,WN,166,N359SW,BNA,PHL,1330,1347,delayed,10,1357,115,109,93,medium,1630,6,1625,1636,11,0,0,,,,,,,not_freezing,not_hot,no_snow,low_wind,high_visibility,freezing,not_hot,no_snow,low_wind,high_visibility
2015,2,13,5,WN,4558,N627SW,BNA,MCO,1640,1734,delayed,15,1749,110,102,80,medium,2009,7,1930,2016,46,0,0,,0,0,26,20,0,freezing,not_hot,no_snow,low_wind,high_visibility,freezing,not_hot,no_snow,low_wind,high_visibility
2015,5,20,3,DL,1066,N959DL,BNA,ATL,1045,1041,on_time,14,1055,67,56,37,short,1232,5,1252,1237,-15,0,0,,,,,,,not_freezing,not_hot,no_snow,low_wind,high_visibility,not_freezing,not_hot,no_snow,low_wind,high_visibility
2015,9,26,6,AA,1439,N3CAAA,DFW,BNA,1500,1811,delayed,16,1827,110,106,81,medium,1948,9,1650,1957,187,0,0,,0,0,187,0,0,not_freezing,not_hot,no_snow,low_wind,high_visibility,not_freezing,not_hot,no_snow,low_wind,medium_visibility
2015,7,8,3,EV,3816,N16147,ORD,BNA,1553,1551,on_time,14,1605,97,84,60,short,1705,10,1730,1715,-15,0,0,,,,,,,not_freezing,not_hot,no_snow,low_wind,high_visibility,not_freezing,not_hot,no_snow,low_wind,high_visibility
2015,4,27,1,WN,1434,N412WN,BNA,LAS,725,725,on_time,9,734,245,215,201,long,855,5,930,900,-30,0,0,,,,,,,not_freezing,not_hot,no_snow,low_wind,high_visibility,not_freezing,not_hot,no_snow,low_wind,high_visibility
2015,12,21,1,WN,412,N620SW,BNA,RDU,1610,1628,delayed,12,1640,80,82,64,short,1844,6,1830,1850,20,0,0,,2,0,5,13,0,not_freezing,not_hot,no_snow,low_wind,high_visibility,not_freezing,not_hot,no_snow,low_wind,high_visibility
2015,4,5,7,WN,3943,N430WN,BNA,BWI,2115,2153,delayed,6,2159,95,86,77,medium,16,3,2350,19,29,0,0,,0,0,0,29,0,not_freezing,not_hot,no_snow,low_wind,high_visibility,freezing,not_hot,no_snow,low_wind,high_visibility
2015,1,23,5,MQ,3260,N513MQ,LGA,BNA,1945,2123,delayed,13,2136,155,154,134,medium,2250,7,2120,2257,97,0,0,,0,0,97,0,0,freezing,not_hot,no_snow,low_wind,high_visibility,not_freezing,not_hot,no_snow,low_wind,medium_visibility
2015,5,3,7,DL,2047,N933DL,BNA,ATL,1845,1845,on_time,40,1925,73,87,37,short,2102,10,2058,2112,14,0,0,,,,,,,not_freezing,not_hot,no_snow,low_wind,high_visibility,not_freezing,not_hot,no_snow,low_wind,high_visibility
2015,2,24,2,DL,2434,N391DA,BNA,LAX,1714,1708,on_time,10,1718,301,275,252,long,1930,13,2015,1943,-32,0,0,,,,,,,freezing,not_hot,no_snow,low_wind,high_visibility,freezing,not_hot,no_snow,low_wind,high_visibility
2015,1,16,5,EV,4617,N16147,BNA,IAH,1122,1112,on_time,10,1122,142,132,112,medium,1314,10,1344,1324,-20,0,0,,,,,,,freezing,not_hot,no_snow,low_wind,high_visibility,freezing,not_hot,no_snow,low_wind,high_visibility
2015,6,23,2,WN,1027,N373SW,MCI,BNA,945,939,on_time,12,951,85,85,68,short,1059,5,1110,1104,-6,0,0,,,,,,,not_freezing,not_hot,no_snow,low_wind,high_visibility,not_freezing,hot,no_snow,low_wind,high_visibility
2015,1,3,6,WN,4998,N759GS,BNA,TPA,1540,1726,delayed,9,1735,100,103,88,medium,2003,6,1820,2009,109,0,0,,3,0,3,103,0,not_freezing,not_hot,no_snow,low_wind,high_visibility,not_freezing,not_hot,no_snow,low_wind,high_visibility
2015,5,8,5,WN,909,N669SW,BNA,TPA,750,745,on_time,10,755,100,97,82,medium,1017,5,1030,1022,-8,0,0,,,,,,,not_freezing,not_hot,no_snow,low_wind,high_visibility,not_freezing,not_hot,no_snow,low_wind,high_visibility
2015,6,21,7,MQ,3607,N517MQ,LGA,BNA,2000,2022,delayed,93,2155,154,202,103,medium,2238,6,2134,2244,70,0,0,,48,0,0,22,0,not_freezing,not_hot,no_snow,low_wind,high_visibility,not_freezing,hot,no_snow,low_wind,high_visibility
2015,2,16,1,WN,270,N491WN,MSY,BNA,800,,on_time,,,85,,,short,,,925,,,0,1,B,,,,,,freezing,not_hot,no_snow,low_wind,high_visibility,freezing,not_hot,no_snow,low_wind,high_visibility
2015,12,29,2,WN,1835,N270WN,FLL,BNA,1840,1912,delayed,14,1926,145,125,106,medium,2012,5,2005,2017,12,0,0,,,,,,,freezing,not_hot,no_snow,low_wind,high_visibility,not_freezing,not_hot,no_snow,low_wind,high_visibility
2015,2,19,4,US,1945,N836AW,BNA,CLT,1709,1829,delayed,30,1859,76,97,53,short,2052,14,1925,2106,101,0,0,,21,0,30,50,0,freezing,not_hot,no_snow,low_wind,medium_visibility,freezing,not_hot,no_snow,low_wind,high_visibility
2015,7,26,7,WN,308,N224WN,BNA,LGA,1020,1030,on_time,9,1039,130,119,106,medium,1325,4,1330,1329,-1,0,0,,,,,,,not_freezing,hot,no_snow,low_wind,high_visibility,not_freezing,not_hot,no_snow,low_wind,high_visibility
2015,8,21,5,MQ,3312,N941MQ,BNA,ORD,1712,1703,on_time,20,1723,112,92,67,short,1830,5,1904,1835,-29,0,0,,,,,,,not_freezing,not_hot,no_snow,low_wind,high_visibility,not_freezing,not_hot,no_snow,low_wind,high_visibility
2015,7,3,5,OO,4467,N170PQ,BNA,SLC,730,725,on_time,12,737,224,212,193,medium,950,7,1014,957,-17,0,0,,,,,,,not_freezing,not_hot,no_snow,low_wind,high_visibility,not_freezing,not_hot,no_snow,low_wind,high_visibility
2015,3,17,2,WN,588,N463WN,BNA,PHL,2115,2109,on_time,11,2120,110,112,93,medium,2353,8,5,1,-4,0,0,,,,,,,not_freezing,not_hot,no_snow,low_wind,high_visibility,freezing,not_hot,no_snow,low_wind,high_visibility
2015,9,12,6,MQ,3662,N502MQ,LGA,BNA,945,1019,delayed,55,1114,151,188,127,medium,1221,6,1116,1227,71,0,0,,37,0,0,34,0,not_freezing,not_hot,no_snow,low_wind,high_visibility,not_freezing,not_hot,no_snow,low_wind,high_visibility
2015,3,5,4,DL,1846,N985DL,ATL,BNA,1909,1943,delayed,18,2001,69,68,39,short,1940,11,1918,1951,33,0,0,,0,0,8,25,0,freezing,not_hot,no_snow,low_wind,high_visibility,freezing,not_hot,no_snow,low_wind,high_visibility
2015,9,19,6,WN,1358,N704SW,PHL,BNA,835,949,delayed,27,1016,130,127,95,medium,1051,5,945,1056,71,0,0,,0,0,71,0,0,freezing,not_hot,no_snow,low_wind,high_visibility,not_freezing,not_hot,no_snow,low_wind,high_visibility
2015,1,24,6,WN,3970,N960WN,MDW,BNA,720,720,on_time,14,734,85,77,56,short,830,7,845,837,-8,0,0,,,,,,,freezing,not_hot,no_snow,low_wind,high_visibility,freezing,not_hot,no_snow,low_wind,medium_visibility
2015,5,1,5,MQ,3547,N520MQ,BNA,LGA,935,934,on_time,14,948,132,140,120,medium,1248,6,1247,1254,7,0,0,,,,,,,not_freezing,not_hot,no_snow,low_wind,high_visibility,not_freezing,not_hot,no_snow,low_wind,high_visibility
2015,11,27,5,WN,5383,N217JC,MDW,BNA,600,555,on_time,12,607,85,77,60,short,707,5,725,712,-13,0,0,,,,,,,not_freezing,not_hot,no_snow,low_wind,high_visibility,not_freezing,not_hot,no_snow,low_wind,high_visibility
2015,12,27,7,EV,4676,N13202,EWR,BNA,1144,1144,on_time,15,1159,157,140,116,medium,1255,9,1321,1304,-17,0,0,,,,,,,freezing,not_hot,no_snow,low_wind,high_visibility,not_freezing,not_hot,no_snow,low_wind,high_visibility
2015,11,6,5,OO,4513,N807SK,MSP,BNA,1734,1732,on_time,36,1808,134,144,101,medium,1949,7,1948,1956,8,0,0,,,,,,,not_freezing,not_hot,no_snow,low_wind,high_visibility,not_freezing,not_hot,no_snow,low_wind,high_visibility
2015,6,22,1,MQ,3277,N659MQ,ORD,BNA,830,825,on_time,28,853,93,95,60,short,953,7,1003,1000,-3,0,0,,,,,,,not_freezing,not_hot,no_snow,low_wind,high_visibility,not_freezing,hot,no_snow,low_wind,high_visibility
2015,11,12,4,DL,1287,N375NC,BNA,DTW,1622,1623,on_time,10,1633,102,93,77,short,1850,6,1904,1856,-8,0,0,,,,,,,not_freezing,not_hot,no_snow,low_wind,high_visibility,not_freezing,not_hot,no_snow,high_wind,high_visibility
2015,8,21,5,DL,385,N349NB,BNA,DTW,950,1013,delayed,13,1026,98,95,72,short,1238,10,1228,1248,20,0,0,,0,0,1,19,0,not_freezing,not_hot,no_snow,low_wind,high_visibility,not_freezing,not_hot,no_snow,low_wind,high_visibility
2015,4,28,2,MQ,3478,N507MQ,BNA,ORD,500,453,on_time,16,509,99,97,71,short,620,10,639,630,-9,0,0,,,,,,,not_freezing,not_hot,no_snow,low_wind,high_visibility,not_freezing,not_hot,no_snow,low_wind,high_visibility
2015,6,13,6,WN,4194,N792SW,BNA,DAL,1540,1541,on_time,7,1548,110,99,88,medium,1716,4,1730,1720,-10,0,0,,,,,,,not_freezing,not_hot,no_snow,low_wind,high_visibility,not_freezing,not_hot,no_snow,low_wind,high_visibility
2015,12,2,3,WN,2131,N960WN,BNA,TPA,1345,1415,delayed,7,1422,100,104,90,medium,1652,7,1625,1659,34,0,0,,4,0,0,30,0,not_freezing,not_hot,no_snow,low_wind,high_visibility,not_freezing,not_hot,no_snow,low_wind,high_visibility
2015,11,25,3,DL,1323,N916DL,DTW,BNA,725,724,on_time,33,757,106,105,66,short,803,6,811,809,-2,0,0,,,,,,,not_freezing,not_hot,no_snow,low_wind,high_visibility,not_freezing,not_hot,no_snow,low_wind,high_visibility
2015,6,30,2,AA,1396,N473AA,DFW,BNA,1830,1826,on_time,12,1838,119,107,89,medium,2007,6,2029,2013,-16,0,0,,,,,,,not_freezing,hot,no_snow,low_wind,high_visibility,not_freezing,not_hot,no_snow,low_wind,high_visibility
2015,8,18,2,F9,241,N920FR,BNA,DEN,1315,1312,on_time,9,1321,163,158,142,medium,1443,7,1458,1450,-8,0,0,,,,,,,not_freezing,not_hot,no_snow,low_wind,high_visibility,not_freezing,not_hot,no_snow,low_wind,high_visibility
2015,3,6,5,DL,1676,N317NB,BNA,ATL,1430,1458,delayed,16,1514,76,60,38,short,1652,6,1646,1658,12,0,0,,,,,,,freezing,not_hot,no_snow,low_wind,medium_visibility,freezing,not_hot,no_snow,low_wind,high_visibility
2015,9,3,4,WN,1252,N8328A,SAN,BNA,1100,1100,on_time,20,1120,235,232,202,long,1642,10,1655,1652,-3,0,0,,,,,,,not_freezing,not_hot,no_snow,low_wind,high_visibility,not_freezing,hot,no_snow,low_wind,high_visibility
2015,1,7,3,WN,214,N240WN,BWI,BNA,2005,2001,on_time,14,2015,125,114,93,medium,2048,7,2110,2055,-15,0,0,,,,,,,freezing,not_hot,no_snow,low_wind,high_visibility,freezing,not_hot,no_snow,low_wind,high_visibility
2015,11,3,2,WN,2229,N557WN,LAS,BNA,1815,1811,on_time,13,1824,205,201,183,long,2327,5,2340,2332,-8,0,0,,,,,,,not_freezing,not_hot,no_snow,low_wind,high_visibility,not_freezing,not_hot,no_snow,low_wind,high_visibility
2015,12,29,2,WN,389,N719SW,BWI,BNA,805,941,delayed,14,955,120,113,93,medium,1028,6,905,1034,89,0,0,,0,0,89,0,0,freezing,not_hot,no_snow,low_wind,high_visibility,not_freezing,not_hot,no_snow,low_wind,high_visibility
2015,7,23,4,WN,182,N7817J,BNA,PHX,2035,2132,delayed,10,2142,215,204,190,medium,2252,4,2210,2256,46,0,0,,0,0,45,1,0,not_freezing,not_hot,no_snow,low_wind,high_visibility,not_freezing,hot,no_snow,low_wind,high_visibility
2015,6,8,1,DL,94,N341NW,ATL,BNA,1735,1909,delayed,15,1924,70,77,53,short,1917,9,1745,1926,101,0,0,,7,0,0,94,0,not_freezing,not_hot,no_snow,low_wind,high_visibility,not_freezing,not_hot,no_snow,low_wind,high_visibility
2015,6,16,2,WN,3759,N287WN,SEA,BNA,1140,1249,delayed,18,1307,260,246,222,long,1849,6,1800,1855,55,0,0,,0,0,55,0,0,not_freezing,not_hot,no_snow,low_wind,high_visibility,not_freezing,hot,no_snow,low_wind,high_visibility
2015,2,17,2,DL,1323,N938AT,BNA,DTW,1005,1044,delayed,19,1103,90,99,71,short,1314,9,1235,1323,48,0,0,,9,0,0,29,10,freezing,not_hot,no_snow,low_wind,high_visibility,freezing,not_hot,no_snow,low_wind,high_visibility
2015,9,13,7,WN,106,N717SA,LGA,BNA,1540,1535,on_time,19,1554,155,134,111,medium,1645,4,1715,1649,-26,0,0,,,,,,,not_freezing,not_hot,no_snow,low_wind,high_visibility,not_freezing,not_hot,no_snow,low_wind,high_visibility
2015,6,3,3,WN,4929,N8617E,DEN,BNA,1020,1036,delayed,9,1045,155,148,134,medium,1359,5,1355,1404,9,0,0,,,,,,,not_freezing,not_hot,no_snow,low_wind,high_visibility,not_freezing,not_hot,no_snow,low_wind,high_visibility
2015,2,21,6,WN,2719,N8618N,BNA,FLL,925,1022,delayed,13,1035,135,122,104,medium,1319,5,1240,1324,44,0,0,,0,0,21,23,0,freezing,not_hot,no_snow,low_wind,high_visibility,freezing,not_hot,no_snow,low_wind,high_visibility
2015,2,12,4,WN,1697,N783SW,BNA,CLE,1950,2016,delayed,9,2025,85,75,61,short,2226,5,2215,2231,16,0,0,,0,0,16,0,0,freezing,not_hot,no_snow,low_wind,high_visibility,freezing,not_hot,no_snow,low_wind,high_visibility
2015,2,15,7,WN,1159,N777QC,BNA,DCA,1745,1812,delayed,12,1824,100,86,70,medium,2034,4,2025,2038,13,0,0,,,,,,,freezing,not_hot,no_snow,low_wind,high_visibility,freezing,not_hot,no_snow,high_wind,high_visibility
2015,7,6,1,OO,5577,N756SK,IAH,BNA,1027,1102,delayed,17,1119,119,116,93,medium,1252,6,1226,1258,32,0,0,,0,0,32,0,0,freezing,not_hot,no_snow,low_wind,high_visibility,not_freezing,not_hot,no_snow,low_wind,high_visibility
2015,6,19,5,OO,6388,N718SK,IAH,BNA,1928,1958,delayed,25,2023,124,136,93,medium,2156,18,2132,2214,42,0,0,,12,0,17,13,0,freezing,not_hot,no_snow,low_wind,high_visibility,not_freezing,not_hot,no_snow,low_wind,high_visibility
2015,12,27,7,DL,2176,N981DL,BNA,ATL,1730,1742,on_time,41,1823,78,91,42,short,2005,8,1948,2013,25,0,0,,13,0,0,12,0,not_freezing,not_hot,no_snow,low_wind,high_visibility,not_freezing,not_hot,no_snow,low_wind,medium_visibility
2015,6,29,1,EV,4104,N16919,EWR,BNA,1711,1832,delayed,35,1907,150,158,115,medium,2002,8,1841,2010,89,0,0,,8,0,81,0,0,freezing,not_hot,no_snow,low_wind,high_visibility,not_freezing,not_hot,no_snow,low_wind,high_visibility
2015,8,27,4,WN,2223,N283WN,BNA,MSY,1855,1857,on_time,7,1904,85,74,62,short,2006,5,2020,2011,-9,0,0,,,,,,,not_freezing,not_hot,no_snow,low_wind,high_visibility,freezing,not_hot,no_snow,low_wind,high_visibility
2015,6,28,7,WN,2017,N8613K,MDW,BNA,2130,2158,delayed,10,2208,80,74,58,short,2306,6,2250,2312,22,0,0,,0,0,8,14,0,not_freezing,not_hot,no_snow,low_wind,high_visibility,not_freezing,not_hot,no_snow,low_wind,high_visibility
2015,4,9,4,WN,2409,N942WN,MDW,BNA,1515,1911,delayed,9,1920,75,85,59,short,2019,17,1630,2036,246,0,0,,10,0,3,233,0,not_freezing,not_hot,no_snow,low_wind,high_visibility,not_freezing,not_hot,no_snow,low_wind,high_visibility
2015,4,10,5,MQ,3534,N3AEMQ,LGA,BNA,1605,1729,delayed,16,1745,151,143,122,medium,1847,5,1736,1852,76,0,0,,0,0,3,73,0,not_freezing,not_hot,no_snow,low_wind,high_visibility,not_freezing,not_hot,no_snow,low_wind,high_visibility
2015,11,6,5,UA,1541,N821UA,IAH,BNA,1916,1936,delayed,39,2015,116,123,78,medium,2133,6,2112,2139,27,0,0,,7,0,12,8,0,freezing,not_hot,no_snow,low_wind,high_visibility,not_freezing,not_hot,no_snow,low_wind,high_visibility
2015,6,7,7,EV,4963,N713EV,DTW,BNA,1224,1224,on_time,16,1240,95,83,63,short,1243,4,1259,1247,-12,0,0,,,,,,,not_freezing,not_hot,no_snow,low_wind,high_visibility,not_freezing,hot,no_snow,low_wind,high_visibility
2015,6,14,7,WN,2155,N915WN,BNA,TPA,2040,2148,delayed,7,2155,100,103,80,medium,15,16,2320,31,71,0,0,,3,0,0,68,0,not_freezing,not_hot,no_snow,low_wind,high_visibility,not_freezing,hot,no_snow,low_wind,high_visibility
2015,4,29,3,WN,3769,N766SW,LAX,BNA,1510,1532,delayed,8,1540,240,238,225,long,2125,5,2110,2130,20,0,0,,0,0,6,14,0,freezing,not_hot,no_snow,low_wind,high_visibility,not_freezing,not_hot,no_snow,low_wind,high_visibility
2015,8,20,4,AA,1928,N716UW,CLT,BNA,2225,2337,delayed,33,10,76,91,53,short,3,5,2241,8,87,0,0,,15,0,3,69,0,not_freezing,hot,no_snow,low_wind,high_visibility,not_freezing,not_hot,no_snow,low_wind,high_visibility
2015,3,22,7,OO,5596,N971SW,ORD,BNA,2030,2050,delayed,20,2110,94,90,66,short,2216,4,2204,2220,16,0,0,,0,0,0,16,0,freezing,not_hot,no_snow,low_wind,high_visibility,not_freezing,not_hot,no_snow,low_wind,high_visibility
2015,4,27,1,WN,2602,N480WN,BNA,JAX,750,746,on_time,12,758,85,78,62,short,1000,4,1015,1004,-11,0,0,,,,,,,not_freezing,not_hot,no_snow,low_wind,high_visibility,not_freezing,not_hot,no_snow,low_wind,high_visibility
2015,9,26,6,WN,4979,N787SA,BNA,FLL,1330,1358,delayed,7,1405,130,118,108,medium,1653,3,1640,1656,16,0,0,,0,0,0,16,0,not_freezing,not_hot,no_snow,low_wind,medium_visibility,freezing,not_hot,no_snow,low_wind,high_visibility
2015,12,3,4,MQ,3360,N505MQ,ORD,BNA,1216,1255,delayed,13,1308,93,71,55,short,1403,3,1349,1406,17,0,0,,0,0,17,0,0,not_freezing,not_hot,no_snow,low_wind,high_visibility,freezing,not_hot,no_snow,low_wind,high_visibility
2015,6,25,4,WN,149,N655WN,BNA,MCI,710,704,on_time,11,715,95,88,74,short,829,3,845,832,-13,0,0,,,,,,,not_freezing,hot,no_snow,low_wind,high_visibility,not_freezing,hot,no_snow,low_wind,high_visibility
2015,1,16,5,MQ,3382,N512MQ,LGA,BNA,1610,1604,on_time,40,1644,159,157,110,medium,1734,7,1749,1741,-8,0,0,,,,,,,freezing,not_hot,no_snow,low_wind,high_visibility,freezing,not_hot,no_snow,low_wind,high_visibility
2015,2,13,5,DL,2328,N374NW,BNA,DTW,1845,1852,on_time,10,1902,90,97,75,short,2117,12,2115,2129,14,0,0,,,,,,,freezing,not_hot,no_snow,low_wind,high_visibility,freezing,not_hot,no_snow,low_wind,high_visibility
2015,2,27,5,OO,4513,N803SK,MSP,BNA,1734,1730,on_time,16,1746,138,132,112,medium,1938,4,1952,1942,-10,0,0,,,,,,,freezing,not_hot,no_snow,low_wind,high_visibility,freezing,not_hot,no_snow,low_wind,high_visibility
2015,12,19,6,EV,5996,N14562,BNA,ORD,1124,1120,on_time,10,1130,106,97,79,short,1249,8,1310,1257,-13,0,0,,,,,,,not_freezing,not_hot,no_snow,low_wind,high_visibility,freezing,not_hot,no_snow,low_wind,high_visibility
2015,6,25,4,MQ,3649,N543MQ,BNA,LGA,1805,1816,on_time,16,1832,131,183,114,medium,2126,53,2116,2219,63,0,0,,52,0,11,0,0,not_freezing,hot,no_snow,low_wind,high_visibility,not_freezing,not_hot,no_snow,low_wind,high_visibility
2015,3,5,4,EV,4440,N14905,EWR,BNA,1630,,on_time,,,157,,,medium,,,1807,,,0,1,C,,,,,,freezing,not_hot,snow,low_wind,high_visibility,freezing,not_hot,no_snow,low_wind,high_visibility
2015,2,24,2,WN,4425,N218WN,DEN,BNA,1725,1746,delayed,15,1801,145,137,117,medium,2058,5,2050,2103,13,0,0,,,,,,,freezing,not_hot,no_snow,low_wind,high_visibility,freezing,not_hot,no_snow,low_wind,high_visibility
2015,3,15,7,EV,4195,N13124,EWR,BNA,2101,2215,delayed,10,2225,152,126,105,medium,2310,11,2233,2321,48,0,0,,0,0,0,48,0,freezing,not_hot,no_snow,low_wind,high_visibility,not_freezing,not_hot,no_snow,low_wind,high_visibility
2015,6,18,4,WN,569,N388SW,BNA,MCO,1420,1443,delayed,18,1501,115,115,89,medium,1730,8,1715,1738,23,0,0,,0,0,0,23,0,not_freezing,not_hot,no_snow,low_wind,high_visibility,freezing,not_hot,no_snow,low_wind,high_visibility
2015,11,10,2,WN,47,N656SW,HOU,BNA,1945,2007,delayed,11,2018,105,102,85,medium,2143,6,2130,2149,19,0,0,,0,0,0,19,0,freezing,not_hot,no_snow,low_wind,high_visibility,not_freezing,not_hot,no_snow,low_wind,high_visibility
2015,11,25,3,OO,4833,N802SK,MSP,BNA,1430,1428,on_time,20,1448,128,122,94,medium,1622,8,1638,1630,-8,0,0,,,,,,,not_freezing,not_hot,no_snow,low_wind,high_visibility,not_freezing,not_hot,no_snow,low_wind,high_visibility
2015,3,30,1,WN,3309,N8641B,BWI,BNA,1340,1356,delayed,11,1407,115,108,90,medium,1437,7,1435,1444,9,0,0,,,,,,,freezing,not_hot,no_snow,low_wind,high_visibility,not_freezing,not_hot,no_snow,low_wind,high_visibility
2015,6,20,6,US,1999,N829AW,BNA,CLT,1249,1357,delayed,12,1409,81,75,49,short,1558,14,1510,1612,62,0,0,,0,0,0,51,11,not_freezing,not_hot,no_snow,low_wind,high_visibility,not_freezing,hot,no_snow,low_wind,high_visibility
2015,6,11,4,WN,559,N464WN,BNA,DEN,925,925,on_time,11,936,165,152,136,medium,1052,5,1110,1057,-13,0,0,,,,,,,not_freezing,not_hot,no_snow,low_wind,high_visibility,not_freezing,not_hot,no_snow,low_wind,high_visibility
2015,12,6,7,WN,1796,N931WN,BNA,DAL,2100,2103,on_time,8,2111,120,105,92,medium,2243,5,2300,2248,-12,0,0,,,,,,,not_freezing,not_hot,no_snow,low_wind,high_visibility,not_freezing,not_hot,no_snow,low_wind,high_visibility
2015,11,17,2,WN,342,N405WN,BNA,BWI,1650,2028,delayed,13,2041,100,105,88,medium,2309,4,1930,2313,223,0,0,,5,0,0,218,0,not_freezing,not_hot,no_snow,low_wind,high_visibility,freezing,not_hot,no_snow,low_wind,high_visibility
2015,7,3,5,WN,103,N8617E,BNA,LAS,1715,1947,delayed,7,1954,235,219,208,long,2122,4,1910,2126,136,0,0,,0,0,130,6,0,not_freezing,not_hot,no_snow,low_wind,high_visibility,not_freezing,hot,no_snow,low_wind,high_visibility
2015,3,23,1,WN,988,N615SW,BNA,BOS,1500,1519,delayed,17,1536,140,145,122,medium,1838,6,1820,1844,24,0,0,,5,0,5,14,0,not_freezing,not_hot,no_snow,low_wind,high_visibility,freezing,not_hot,no_snow,low_wind,high_visibility
2015,11,6,5,AA,2501,N3BYAA,DFW,BNA,2020,2058,delayed,14,2112,108,93,75,medium,2227,4,2208,2231,23,0,0,,0,0,23,0,0,not_freezing,not_hot,no_snow,low_wind,high_visibility,not_freezing,not_hot,no_snow,low_wind,high_visibility
2015,11,17,2,MQ,3284,N507MQ,BNA,LGA,845,834,on_time,10,844,135,117,99,medium,1123,8,1200,1131,-29,0,0,,,,,,,not_freezing,not_hot,no_snow,low_wind,high_visibility,not_freezing,not_hot,no_snow,low_wind,high_visibility
2015,1,19,1,WN,464,N552WN,BNA,MDW,1840,1902,delayed,8,1910,95,81,68,short,2018,5,2015,2023,8,0,0,,,,,,,not_freezing,not_hot,no_snow,low_wind,high_visibility,freezing,not_hot,no_snow,low_wind,high_visibility
2015,4,10,5,WN,282,N922WN,PHX,BNA,1910,1930,delayed,7,1937,195,175,162,medium,19,6,25,25,0,0,0,,,,,,,not_freezing,not_hot,no_snow,low_wind,high_visibility,not_freezing,not_hot,no_snow,low_wind,high_visibility
2015,4,25,6,AA,1673,N4YAAA,BNA,DFW,1736,1824,delayed,8,1832,127,108,95,medium,2007,5,1943,2012,29,0,0,,0,0,0,29,0,not_freezing,not_hot,no_snow,low_wind,high_visibility,not_freezing,not_hot,no_snow,low_wind,high_visibility
2015,7,18,6,WN,4622,N8329B,BWI,BNA,1950,2117,delayed,35,2152,110,123,81,medium,2213,7,2040,2220,100,0,0,,13,0,87,0,0,freezing,not_hot,no_snow,low_wind,high_visibility,not_freezing,hot,no_snow,low_wind,high_visibility
2015,6,22,1,WN,717,N7735A,BWI,BNA,2050,2121,delayed,10,2131,110,105,79,medium,2150,16,2140,2206,26,0,0,,0,0,0,26,0,freezing,not_hot,no_snow,low_wind,high_visibility,not_freezing,hot,no_snow,low_wind,high_visibility
2015,12,3,4,WN,47,N373SW,HOU,BNA,1945,1955,on_time,8,2003,105,99,86,medium,2129,5,2130,2134,4,0,0,,,,,,,freezing,not_hot,no_snow,low_wind,high_visibility,freezing,not_hot,no_snow,low_wind,high_visibility
2015,8,9,7,MQ,3275,N506MQ,ORD,BNA,1959,2035,delayed,15,2050,87,73,53,short,2143,5,2126,2148,22,0,0,,0,0,16,6,0,not_freezing,not_hot,no_snow,low_wind,high_visibility,not_freezing,hot,no_snow,low_wind,high_visibility
2015,2,8,7,WN,4900,N618WN,RDU,BNA,1120,1116,on_time,8,1124,100,85,73,short,1137,4,1200,1141,-19,0,0,,,,,,,not_freezing,not_hot,no_snow,low_wind,high_visibility,not_freezing,not_hot,no_snow,low_wind,high_visibility
2015,11,11,3,EV,4090,N14174,BNA,IAH,1441,1505,delayed,14,1519,138,132,109,medium,1708,9,1659,1717,18,0,0,,0,0,0,18,0,not_freezing,not_hot,no_snow,low_wind,high_visibility,freezing,not_hot,no_snow,low_wind,high_visibility
2015,1,28,3,WN,4069,N938WN,PHL,BNA,600,554,on_time,12,606,150,112,94,medium,640,6,730,646,-44,0,0,,,,,,,freezing,not_hot,no_snow,low_wind,high_visibility,freezing,not_hot,no_snow,low_wind,high_visibility
2015,8,28,5,AA,1439,N3EMAA,BNA,DFW,1740,1739,on_time,11,1750,120,108,90,medium,1920,7,1940,1927,-13,0,0,,,,,,,not_freezing,not_hot,no_snow,low_wind,high_visibility,not_freezing,hot,no_snow,low_wind,high_visibility
2015,7,29,3,WN,501,N458WN,DTW,BNA,1850,2135,delayed,8,2143,90,80,66,short,2149,6,1920,2155,155,0,0,,0,0,155,0,0,not_freezing,not_hot,no_snow,low_wind,high_visibility,not_freezing,hot,no_snow,low_wind,high_visibility
2015,12,7,1,WN,1175,N402WN,TPA,BNA,950,1028,delayed,8,1036,110,100,87,medium,1103,5,1040,1108,28,0,0,,0,0,0,28,0,not_freezing,not_hot,no_snow,low_wind,high_visibility,not_freezing,not_hot,no_snow,low_wind,high_visibility
2015,9,30,3,WN,450,N488WN,BNA,MDW,1720,1730,on_time,7,1737,95,82,69,short,1846,6,1855,1852,-3,0,0,,,,,,,not_freezing,not_hot,no_snow,low_wind,high_visibility,not_freezing,not_hot,no_snow,low_wind,high_visibility
2015,12,7,1,WN,2813,N624SW,BNA,FLL,915,924,on_time,9,933,130,122,109,medium,1222,4,1225,1226,1,0,0,,,,,,,not_freezing,not_hot,no_snow,low_wind,high_visibility,freezing,not_hot,no_snow,low_wind,high_visibility
2015,6,15,1,DL,1724,N365NW,BNA,ATL,1841,1921,delayed,11,1932,77,56,37,short,2109,8,2058,2117,19,0,0,,0,0,2,17,0,not_freezing,hot,no_snow,low_wind,high_visibility,not_freezing,hot,no_snow,low_wind,high_visibility
2015,4,14,2,EV,4205,N13914,BNA,IAH,1809,1759,on_time,12,1811,136,129,109,medium,2000,8,2025,2008,-17,0,0,,,,,,,not_freezing,not_hot,no_snow,low_wind,high_visibility,freezing,not_hot,no_snow,low_wind,high_visibility
2015,2,28,6,WN,3070,N237WN,SAN,BNA,905,909,on_time,11,920,220,199,183,long,1423,5,1445,1428,-17,0,0,,,,,,,not_freezing,not_hot,no_snow,low_wind,high_visibility,freezing,not_hot,no_snow,low_wind,high_visibility
2015,9,14,1,WN,2166,N909WN,BNA,JAX,1615,1615,on_time,8,1623,85,82,67,short,1830,7,1840,1837,-3,0,0,,,,,,,not_freezing,not_hot,no_snow,low_wind,high_visibility,not_freezing,not_hot,no_snow,low_wind,high_visibility
2015,8,18,2,WN,418,N252WN,DCA,BNA,1855,1911,delayed,9,1920,115,92,79,medium,1939,4,1950,1943,-7,0,0,,,,,,,not_freezing,not_hot,no_snow,low_wind,high_visibility,not_freezing,not_hot,no_snow,low_wind,high_visibility
2015,2,17,2,OO,5185,N916SW,BNA,DEN,812,,on_time,,,200,,,medium,,,1032,,,0,1,B,,,,,,freezing,not_hot,no_snow,low_wind,high_visibility,freezing,not_hot,no_snow,low_wind,high_visibility
2015,1,18,7,WN,945,N617SW,LAX,BNA,1305,1330,delayed,11,1341,230,231,215,long,1916,5,1855,1921,26,0,0,,1,0,13,12,0,freezing,not_hot,no_snow,low_wind,high_visibility,not_freezing,not_hot,no_snow,low_wind,high_visibility
2015,9,21,1,WN,3045,N8308K,BWI,BNA,2035,2140,delayed,8,2148,115,101,86,medium,2214,7,2130,2221,51,0,0,,0,0,51,0,0,freezing,not_hot,no_snow,low_wind,high_visibility,not_freezing,not_hot,no_snow,low_wind,high_visibility
2015,2,12,4,DL,866,N371NB,BNA,ATL,1600,1618,delayed,18,1636,72,63,40,short,1816,5,1812,1821,9,0,0,,,,,,,freezing,not_hot,no_snow,low_wind,high_visibility,freezing,not_hot,no_snow,low_wind,high_visibility
2015,1,23,5,WN,1697,N207WN,BNA,CLE,1950,2021,delayed,16,2037,85,85,63,short,2240,6,2215,2246,31,0,0,,31,0,0,0,0,not_freezing,not_hot,no_snow,low_wind,medium_visibility,freezing,not_hot,no_snow,low_wind,medium_visibility
2015,9,7,1,OO,4486,N823SK,BNA,MSP,605,605,on_time,13,618,133,120,103,medium,801,4,818,805,-13,0,0,,,,,,,not_freezing,not_hot,no_snow,low_wind,high_visibility,not_freezing,not_hot,no_snow,low_wind,high_visibility
2015,11,19,4,WN,1136,N950WN,BNA,TPA,1935,1952,delayed,9,2001,100,95,83,medium,2224,3,2215,2227,12,0,0,,,,,,,not_freezing,not_hot,no_snow,low_wind,high_visibility,not_freezing,not_hot,no_snow,low_wind,high_visibility
2015,5,17,7,WN,1208,N567WN,LGA,BNA,1425,1418,on_time,15,1433,155,122,104,medium,1517,3,1600,1520,-40,0,0,,,,,,,not_freezing,not_hot,no_snow,low_wind,high_visibility,not_freezing,not_hot,no_snow,low_wind,high_visibility
2015,7,1,3,WN,3215,N486WN,DEN,BNA,545,544,on_time,12,556,145,137,120,medium,856,5,910,901,-9,0,0,,,,,,,not_freezing,not_hot,no_snow,low_wind,high_visibility,not_freezing,not_hot,no_snow,low_wind,high_visibility
2015,2,9,1,WN,214,N481WN,BWI,BNA,2005,2009,on_time,9,2018,125,107,88,medium,2046,10,2110,2056,-14,0,0,,,,,,,freezing,not_hot,no_snow,low_wind,high_visibility,not_freezing,not_hot,no_snow,low_wind,high_visibility
2015,9,10,4,WN,244,N647SW,CLE,BNA,1750,1851,delayed,10,1901,90,85,69,short,1910,6,1820,1916,56,0,0,,0,0,10,46,0,not_freezing,not_hot,no_snow,low_wind,high_visibility,not_freezing,not_hot,no_snow,low_wind,high_visibility
2015,1,1,4,WN,803,N240WN,BNA,LAS,1210,1214,on_time,8,1222,255,248,236,long,1418,4,1425,1422,-3,0,0,,,,,,,freezing,not_hot,no_snow,low_wind,high_visibility,freezing,not_hot,no_snow,low_wind,high_visibility
2015,8,10,1,DL,2434,N3762Y,BNA,LAX,1845,1842,on_time,9,1851,270,245,230,long,2041,6,2115,2047,-28,0,0,,,,,,,not_freezing,not_hot,no_snow,low_wind,high_visibility,freezing,not_hot,no_snow,low_wind,high_visibility
2015,3,1,7,OO,4513,N820SK,MSP,BNA,1734,1731,on_time,17,1748,138,111,87,medium,1915,7,1952,1922,-30,0,0,,,,,,,freezing,not_hot,no_snow,low_wind,high_visibility,not_freezing,not_hot,no_snow,low_wind,medium_visibility
2015,8,10,1,WN,1277,N629SW,DEN,BNA,1915,1934,delayed,10,1944,150,136,121,medium,2245,5,2245,2250,5,0,0,,,,,,,not_freezing,not_hot,no_snow,low_wind,high_visibility,not_freezing,not_hot,no_snow,low_wind,high_visibility
2015,7,1,3,WN,604,N8614M,CLE,BNA,635,628,on_time,6,634,100,76,64,short,638,6,715,644,-31,0,0,,,,,,,not_freezing,not_hot,no_snow,low_wind,high_visibility,not_freezing,not_hot,no_snow,low_wind,high_visibility
2015,12,15,2,AA,1867,N826AW,CLT,BNA,1945,1940,on_time,18,1958,81,81,58,short,1956,5,2006,2001,-5,0,0,,,,,,,not_freezing,not_hot,no_snow,low_wind,high_visibility,not_freezing,not_hot,no_snow,low_wind,medium_visibility
2015,3,11,3,MQ,3677,N942MQ,ORD,BNA,1030,1025,on_time,17,1042,89,90,67,short,1149,6,1159,1155,-4,0,0,,,,,,,not_freezing,not_hot,no_snow,low_wind,high_visibility,not_freezing,not_hot,no_snow,low_wind,high_visibility
2015,3,10,2,WN,866,N392SW,BNA,PIT,2125,2127,on_time,9,2136,80,79,61,short,2337,9,2345,2346,1,0,0,,,,,,,not_freezing,not_hot,no_snow,low_wind,high_visibility,freezing,not_hot,no_snow,low_wind,high_visibility
2015,5,4,1,WN,2570,N244WN,BNA,LGA,1425,1444,delayed,9,1453,135,137,108,medium,1741,20,1740,1801,21,0,0,,2,0,5,14,0,not_freezing,not_hot,no_snow,low_wind,high_visibility,not_freezing,not_hot,no_snow,low_wind,high_visibility
2015,7,10,5,MQ,3449,N527MQ,BNA,ORD,1228,1219,on_time,22,1241,102,91,64,short,1345,5,1410,1350,-20,0,0,,,,,,,not_freezing,hot,no_snow,low_wind,high_visibility,not_freezing,not_hot,no_snow,low_wind,high_visibility
2015,6,26,5,WN,950,N609SW,BNA,RDU,1540,1638,delayed,7,1645,85,73,61,short,1846,5,1805,1851,46,0,0,,0,0,2,44,0,not_freezing,hot,no_snow,low_wind,high_visibility,not_freezing,not_hot,no_snow,low_wind,high_visibility
2015,5,6,3,WN,4098,N8305E,BOS,BNA,715,710,on_time,39,749,175,175,129,medium,858,7,910,905,-5,0,0,,,,,,,not_freezing,not_hot,no_snow,low_wind,high_visibility,not_freezing,not_hot,no_snow,low_wind,high_visibility
2015,5,12,2,WN,3674,N386SW,DEN,BNA,2010,2034,delayed,8,2042,155,131,118,medium,2340,5,2345,2345,0,0,0,,,,,,,not_freezing,not_hot,no_snow,low_wind,high_visibility,not_freezing,not_hot,no_snow,low_wind,high_visibility
2015,5,12,2,WN,2602,N955WN,BNA,JAX,750,746,on_time,8,754,85,81,69,short,1003,4,1015,1007,-8,0,0,,,,,,,not_freezing,not_hot,no_snow,low_wind,high_visibility,not_freezing,hot,no_snow,low_wind,high_visibility
2015,12,23,3,WN,1288,N932WN,SAT,BNA,1900,1926,delayed,7,1933,125,122,105,medium,2118,10,2105,2128,23,0,0,,0,0,5,18,0,not_freezing,not_hot,no_snow,low_wind,high_visibility,not_freezing,not_hot,no_snow,low_wind,high_visibility
2015,9,13,7,MQ,3605,N3AEMQ,LGA,BNA,1800,1947,delayed,45,2032,147,151,101,medium,2113,5,1927,2118,111,0,0,,4,0,107,0,0,not_freezing,not_hot,no_snow,low_wind,high_visibility,not_freezing,not_hot,no_snow,low_wind,high_visibility
2015,7,26,7,AA,2259,N4XVAA,BNA,DFW,1912,1911,on_time,10,1921,118,104,87,medium,2048,7,2110,2055,-15,0,0,,,,,,,not_freezing,hot,no_snow,low_wind,high_visibility,not_freezing,hot,no_snow,low_wind,high_visibility
2015,12,30,3,WN,2312,N8627B,BNA,LAS,1520,1559,delayed,9,1608,255,258,243,long,1811,6,1735,1817,42,0,0,,3,0,36,3,0,not_freezing,not_hot,no_snow,low_wind,medium_visibility,freezing,not_hot,no_snow,low_wind,high_visibility
2015,7,29,3,WN,2505,N7710A,BWI,BNA,1050,1120,delayed,8,1128,105,92,78,medium,1146,6,1135,1152,17,0,0,,0,0,11,6,0,freezing,not_hot,no_snow,low_wind,high_visibility,not_freezing,hot,no_snow,low_wind,high_visibility
2015,1,21,3,EV,6073,N21144,DEN,BNA,1005,1057,delayed,64,1201,156,187,116,medium,1457,7,1341,1504,83,0,0,,83,0,0,0,0,freezing,not_hot,no_snow,low_wind,high_visibility,not_freezing,not_hot,no_snow,low_wind,high_visibility
2015,6,15,1,WN,501,N655WN,DTW,BNA,1850,2102,delayed,18,2120,90,96,66,short,2126,12,1920,2138,138,0,0,,6,0,131,1,0,not_freezing,not_hot,no_snow,low_wind,high_visibility,not_freezing,hot,no_snow,low_wind,high_visibility
2015,3,3,2,MQ,3430,N543MQ,ORD,BNA,1249,1418,delayed,10,1428,85,74,60,short,1528,4,1414,1532,78,0,0,,0,0,58,20,0,freezing,not_hot,no_snow,low_wind,high_visibility,not_freezing,not_hot,no_snow,low_wind,medium_visibility
2015,8,7,5,WN,2974,N364SW,TPA,BNA,1650,1749,delayed,9,1758,105,112,98,medium,1836,5,1735,1841,66,0,0,,7,0,0,59,0,not_freezing,not_hot,no_snow,low_wind,high_visibility,not_freezing,not_hot,no_snow,low_wind,high_visibility
2015,5,10,7,WN,4736,N220WN,TPA,BNA,1455,1504,on_time,8,1512,105,96,83,medium,1535,5,1540,1540,0,0,0,,,,,,,not_freezing,not_hot,no_snow,low_wind,high_visibility,not_freezing,not_hot,no_snow,low_wind,high_visibility
2015,12,27,7,WN,320,N276WN,MCI,BNA,705,723,delayed,14,737,95,85,67,short,844,4,840,848,8,0,0,,,,,,,freezing,not_hot,no_snow,high_wind,high_visibility,not_freezing,not_hot,no_snow,low_wind,high_visibility
2015,12,15,2,WN,254,N7739A,BNA,BOS,2000,2116,delayed,13,2129,140,125,105,medium,14,7,2320,21,61,0,0,,0,0,61,0,0,not_freezing,not_hot,no_snow,low_wind,medium_visibility,not_freezing,not_hot,no_snow,low_wind,high_visibility
2015,7,31,5,WN,1967,N627SW,BOS,BNA,1645,1704,delayed,39,1743,175,191,146,medium,1909,6,1840,1915,35,0,0,,16,0,13,6,0,not_freezing,not_hot,no_snow,low_wind,high_visibility,not_freezing,not_hot,no_snow,low_wind,high_visibility
2015,2,13,5,WN,4817,N685SW,BNA,PHL,1000,959,on_time,10,1009,115,110,96,medium,1245,4,1255,1249,-6,0,0,,,,,,,freezing,not_hot,no_snow,low_wind,high_visibility,freezing,not_hot,no_snow,low_wind,high_visibility
2015,3,20,5,DL,1565,N957AT,DTW,BNA,2155,2252,delayed,16,2308,94,91,71,short,2319,4,2229,2323,54,0,0,,0,0,54,0,0,freezing,not_hot,no_snow,low_wind,high_visibility,not_freezing,not_hot,no_snow,low_wind,high_visibility
2015,12,5,6,WN,18,N941WN,BNA,EWR,1220,1238,delayed,13,1251,120,131,111,medium,1542,7,1520,1549,29,0,0,,11,0,0,18,0,freezing,not_hot,no_snow,low_wind,high_visibility,freezing,not_hot,no_snow,low_wind,high_visibility
2015,11,9,1,WN,2733,N700GS,BNA,MDW,1815,1810,on_time,7,1817,90,74,64,short,1921,3,1945,1924,-21,0,0,,,,,,,not_freezing,not_hot,no_snow,low_wind,high_visibility,not_freezing,not_hot,no_snow,low_wind,high_visibility
2015,5,22,5,WN,554,N633SW,RDU,BNA,1130,1131,on_time,10,1141,90,87,71,short,1152,6,1200,1158,-2,0,0,,,,,,,not_freezing,not_hot,no_snow,low_wind,high_visibility,not_freezing,not_hot,no_snow,low_wind,high_visibility
2015,7,3,5,DL,1324,N301NB,BNA,ATL,645,659,on_time,13,712,68,93,64,short,916,16,853,932,39,0,0,,25,0,14,0,0,not_freezing,not_hot,no_snow,low_wind,high_visibility,not_freezing,not_hot,no_snow,low_wind,high_visibility
2015,7,29,3,WN,302,N639SW,BNA,MCI,2050,2113,delayed,9,2122,95,86,71,short,2233,6,2225,2239,14,0,0,,,,,,,not_freezing,hot,no_snow,low_wind,high_visibility,not_freezing,not_hot,no_snow,low_wind,high_visibility
2015,7,5,7,OO,4700,N814SK,BNA,MSP,1005,1115,delayed,17,1132,134,118,96,medium,1308,5,1219,1313,54,0,0,,0,0,54,0,0,not_freezing,not_hot,no_snow,low_wind,high_visibility,not_freezing,not_hot,no_snow,low_wind,high_visibility
2015,6,12,5,EV,4121,N13992,BNA,EWR,607,601,on_time,28,629,135,148,111,medium,920,9,922,929,7,0,0,,,,,,,not_freezing,not_hot,no_snow,low_wind,high_visibility,freezing,not_hot,no_snow,low_wind,high_visibility
2015,7,23,4,AA,1886,N756US,BNA,CLT,1250,1250,on_time,11,1301,81,69,49,short,1450,9,1511,1459,-12,0,0,,,,,,,not_freezing,not_hot,no_snow,low_wind,high_visibility,not_freezing,hot,no_snow,low_wind,high_visibility
2015,6,9,2,WN,4905,N7707C,DCA,BNA,610,604,on_time,24,628,95,116,86,medium,654,6,645,700,15,0,0,,15,0,0,0,0,not_freezing,not_hot,no_snow,low_wind,high_visibility,not_freezing,not_hot,no_snow,low_wind,high_visibility
2015,12,30,3,WN,3114,N967WN,BNA,SAN,1200,1226,delayed,11,1237,275,271,256,long,1453,4,1435,1457,22,0,0,,0,0,7,15,0,not_freezing,not_hot,no_snow,low_wind,medium_visibility,not_freezing,not_hot,no_snow,low_wind,high_visibility
2015,1,30,5,F9,238,N906FR,DEN,BNA,1415,1405,on_time,11,1416,138,133,118,medium,1714,4,1733,1718,-15,0,0,,,,,,,freezing,not_hot,no_snow,low_wind,high_visibility,freezing,not_hot,no_snow,low_wind,high_visibility
2015,3,5,4,DL,1699,N3755D,BNA,DTW,1610,1635,delayed,15,1650,98,93,72,short,1902,6,1848,1908,20,0,0,,0,0,0,1,19,freezing,not_hot,no_snow,low_wind,high_visibility,freezing,not_hot,no_snow,low_wind,high_visibility
2015,4,14,2,WN,262,N363SW,CMH,BNA,1800,1826,delayed,8,1834,80,72,58,short,1832,6,1820,1838,18,0,0,,0,0,1,17,0,not_freezing,not_hot,no_snow,low_wind,high_visibility,not_freezing,not_hot,no_snow,low_wind,high_visibility
2015,11,30,1,OO,4538,N433SW,MSP,BNA,1914,2122,delayed,67,2229,130,179,105,medium,14,7,2124,21,177,0,0,,49,0,0,20,108,freezing,not_hot,no_snow,low_wind,high_visibility,not_freezing,not_hot,no_snow,low_wind,medium_visibility
2015,1,4,7,WN,1458,N8645A,LAX,BNA,1220,1331,delayed,10,1341,230,236,206,long,1907,20,1810,1927,77,0,0,,6,0,12,59,0,freezing,not_hot,no_snow,low_wind,high_visibility,freezing,not_hot,no_snow,low_wind,high_visibility
2015,4,17,5,MQ,3492,N525MQ,LGA,BNA,1955,1951,on_time,16,2007,148,123,102,medium,2049,5,2123,2054,-29,0,0,,,,,,,not_freezing,not_hot,no_snow,low_wind,high_visibility,not_freezing,not_hot,no_snow,low_wind,high_visibility
2015,2,1,7,AA,1307,N3LYAA,BNA,LAX,1825,1818,on_time,10,1828,273,262,242,long,2030,10,2058,2040,-18,0,0,,,,,,,not_freezing,not_hot,no_snow,low_wind,high_visibility,freezing,not_hot,no_snow,low_wind,high_visibility
2015,1,6,2,US,1715,N814AW,CLT,BNA,1609,1637,delayed,20,1657,82,86,60,short,1657,6,1631,1703,32,0,0,,4,0,24,4,0,not_freezing,not_hot,no_snow,low_wind,high_visibility,freezing,not_hot,no_snow,low_wind,high_visibility
2015,2,26,4,WN,464,N726SW,BNA,MDW,1840,2031,delayed,10,2041,95,82,63,short,2144,9,2015,2153,98,0,0,,0,0,0,98,0,freezing,not_hot,no_snow,low_wind,high_visibility,freezing,not_hot,no_snow,low_wind,high_visibility
2015,5,31,7,WN,604,N499WN,BNA,DCA,1740,1958,delayed,11,2009,100,89,74,medium,2223,4,2020,2227,127,0,0,,0,0,127,0,0,not_freezing,not_hot,no_snow,low_wind,high_visibility,not_freezing,not_hot,no_snow,low_wind,high_visibility
2015,3,7,6,WN,1474,N405WN,HOU,BNA,1145,1203,delayed,8,1211,105,97,83,medium,1334,6,1330,1340,10,0,0,,,,,,,freezing,not_hot,no_snow,low_wind,high_visibility,freezing,not_hot,no_snow,low_wind,high_visibility
2015,1,18,7,WN,1709,N8322X,DEN,BNA,1020,1021,on_time,12,1033,150,137,117,medium,1330,8,1350,1338,-12,0,0,,,,,,,freezing,not_hot,no_snow,low_wind,high_visibility,not_freezing,not_hot,no_snow,low_wind,high_visibility
2015,8,26,3,EV,5170,N611QX,MSP,BNA,912,942,delayed,14,956,121,108,91,medium,1127,3,1113,1130,17,0,0,,0,0,17,0,0,not_freezing,not_hot,no_snow,low_wind,high_visibility,not_freezing,not_hot,no_snow,low_wind,high_visibility
2015,3,27,5,WN,1336,N213WN,BNA,MCO,2135,2232,delayed,10,2242,100,101,85,medium,107,6,15,113,58,0,0,,1,0,7,50,0,freezing,not_hot,no_snow,low_wind,high_visibility,freezing,not_hot,no_snow,low_wind,high_visibility
2015,8,25,2,DL,2787,N303DQ,ATL,BNA,830,830,on_time,13,843,65,53,37,short,820,3,835,823,-12,0,0,,,,,,,not_freezing,not_hot,no_snow,low_wind,high_visibility,not_freezing,not_hot,no_snow,low_wind,high_visibility
2015,1,2,5,AA,2464,N4XGAA,DFW,BNA,1100,1121,delayed,13,1134,100,96,77,medium,1251,6,1240,1257,17,0,0,,0,0,14,3,0,not_freezing,not_hot,no_snow,low_wind,high_visibility,not_freezing,not_hot,no_snow,low_wind,high_visibility
2015,1,19,1,WN,48,N663SW,BNA,HOU,1515,1507,on_time,9,1516,135,132,110,medium,1706,13,1730,1719,-11,0,0,,,,,,,not_freezing,not_hot,no_snow,low_wind,high_visibility,freezing,not_hot,no_snow,low_wind,high_visibility
2015,1,25,7,AA,1307,N3LGAA,BNA,LAX,1825,1856,delayed,7,1903,273,228,216,long,2039,5,2058,2044,-14,0,0,,,,,,,not_freezing,not_hot,no_snow,low_wind,medium_visibility,freezing,not_hot,no_snow,low_wind,high_visibility
2015,6,16,2,WN,460,N8616C,BNA,MCI,1450,1450,on_time,22,1512,95,103,78,short,1630,3,1625,1633,8,0,0,,,,,,,not_freezing,hot,no_snow,low_wind,high_visibility,not_freezing,not_hot,no_snow,low_wind,high_visibility
2015,9,11,5,WN,562,N691WN,BNA,HOU,1715,1743,delayed,14,1757,125,126,106,medium,1943,6,1920,1949,29,0,0,,1,0,0,28,0,not_freezing,not_hot,no_snow,low_wind,high_visibility,freezing,not_hot,no_snow,low_wind,high_visibility
2015,5,2,6,WN,2044,N559WN,BNA,LGA,1135,1134,on_time,7,1141,130,117,103,medium,1424,7,1445,1431,-14,0,0,,,,,,,not_freezing,not_hot,no_snow,low_wind,high_visibility,not_freezing,not_hot,no_snow,low_wind,high_visibility
2015,11,8,7,EV,3813,N11150,EWR,BNA,1635,1628,on_time,24,1652,153,154,122,medium,1754,8,1808,1802,-6,0,0,,,,,,,freezing,not_hot,no_snow,low_wind,high_visibility,not_freezing,not_hot,no_snow,low_wind,high_visibility
2015,6,27,6,WN,3600,N8312C,FLL,BNA,1850,1850,on_time,14,1904,140,125,105,medium,1949,6,2010,1955,-15,0,0,,,,,,,freezing,not_hot,no_snow,low_wind,high_visibility,not_freezing,not_hot,no_snow,low_wind,high_visibility
2015,6,11,4,MQ,3123,N534MQ,ORD,BNA,1705,1830,delayed,33,1903,100,95,58,short,2001,4,1845,2005,80,0,0,,20,0,0,60,0,not_freezing,not_hot,no_snow,low_wind,high_visibility,not_freezing,not_hot,no_snow,low_wind,high_visibility
2015,3,30,1,DL,2393,N913DE,BNA,ATL,530,526,on_time,26,552,61,76,44,short,736,6,731,742,11,0,0,,,,,,,not_freezing,not_hot,no_snow,low_wind,high_visibility,not_freezing,not_hot,no_snow,low_wind,high_visibility
2015,3,29,7,WN,121,N7811F,BNA,DAL,2000,2018,delayed,9,2027,120,107,90,medium,2157,8,2200,2205,5,0,0,,,,,,,freezing,not_hot,no_snow,low_wind,high_visibility,not_freezing,not_hot,no_snow,low_wind,high_visibility
2015,5,7,4,WN,1087,N906WN,BNA,BWI,1935,1925,on_time,8,1933,105,109,83,medium,2156,18,2220,2214,-6,0,0,,,,,,,not_freezing,not_hot,no_snow,low_wind,high_visibility,freezing,not_hot,no_snow,low_wind,high_visibility
2015,6,2,2,MQ,3162,N523MQ,ORD,BNA,845,855,on_time,16,911,90,81,61,short,1012,4,1015,1016,1,0,0,,,,,,,not_freezing,not_hot,no_snow,low_wind,high_visibility,not_freezing,not_hot,no_snow,low_wind,high_visibility
2015,4,29,3,WN,826,N643SW,BNA,MCI,1035,1030,on_time,10,1040,95,91,76,short,1156,5,1210,1201,-9,0,0,,,,,,,not_freezing,not_hot,no_snow,low_wind,high_visibility,not_freezing,not_hot,no_snow,low_wind,high_visibility
2015,7,15,3,WN,1074,N628SW,BNA,MCO,940,947,on_time,7,954,105,115,102,medium,1236,6,1225,1242,17,0,0,,10,0,5,2,0,not_freezing,not_hot,no_snow,low_wind,high_visibility,freezing,not_hot,no_snow,low_wind,high_visibility
